address,amount
0x88704df21ac8bfb017ef37b42fc3ba7ce80f61bd,15000
0x4c0b07ad19d47994639d18ac2af2ff82a0f95f37,15000
0x068544fc79c336c8b35270d42393ecdf966a475c,15000
0x468be4258e17442563381281f562eee10ef4f62a,15000
0x9204e7a4c6b10bc858ed56d712fa2fcc031a7700,15000
0x8f8f70c9a907fe6120a213d9500e3aa8ac71f531,15000
0x9da9ddcba0fc14b56f03246d032cfb3b83816c00,15000
0x6709fc060b7d85967f2982f923b57e026fb3a7c5,15000
0x59e8ca90beb7f111fa4aec4f9b92cc06b85e1a9f,15000
0x780bf2b98e921376ff03740e307fe812f7e0f7ef,15000
0xebe965eae5cde8adba79023aedd0b8fd2f21281b,15000
0x9e794506646b2c36c168929c19fb880de2833f50,15000
0xd2e02c50569a2c4c52634a113c093725a4ca0d0a,15000
0x39b2c6bf501b8a16b57e2dc6116aca53eccb475d,15000
0xb84a16ca1ef21588903915c0c51a91de6c3bd195,15000
0x574f0fce1b37b35e0b28146326f88caa137bdbe7,15000
0xd0a9d842ada6611ba4706e8b2ba3dfb18d7958bd,15000
0xea177e939516a0b0efdb1f38525a8ecb52f2c133,15000
0xdb865823872526ed3794457dc0e54df931804385,15000
0xef8d9299b50f9e2810ca9071225a128d727b8886,15000
0xabd31f81f1d408c1d4df01e090efd897698bf6f3,15000
0x2722f8a15218dce6aa1c49706882091c6750dce6,15000
0xc4ef4f04b27f35b22fed82661cd5d262698c9e44,15000
0xf14c1692e03e10f584190fd449120aabb98447ab,15000
0x9513d0325207100c8af684740504a1f5d90846e9,15000
0x9d27b1bbf668646e29ba22d4df448d7c9509e62a,15000
0x65c30944903b7b5ca5a4fac5968f6120a784e1b2,15000
0xe397ee5eb230c90d777097eba374bc5fbe97d5b5,15000
0x4c52bfe227b6c583e6360fc5046560a4ae4a75be,15000
0x4f69494698f66018f5c2a0cc653efb7aeea07810,15000
0x1c06a27f410eb07770465ad22099313faf3e26f9,15000
0x7aa52ff4bc10344d4fa11300eb3c61374d4e2231,15000
0xce592a249ddfdc435472637792423895a2d23c4a,15000
0xd1e8f150fb36279175c48e57dd80b7f2179ae709,15000
0x4b5e0250b9252e6080c1ec5915a2fd3c29d7fc45,15000
0x1f151a00932bcb35c40354e29b0554a84c56ee35,15000
0xc82a2bc3d068080f2c34a5bc6b4598306e3f0671,15000
0xee4f209847bf491e2fda556accf033301118019b,15000
0xc490afd8c7824191870ff5edcfba864302f9e1c1,15000
0x26b1693b69324652b60df77f51770d622fe94a0e,15000
0x6f84841fbb01134f0d8302fe8948fc29705c45d2,15000
0xdd4d134908c9261adcaf35bf4677c86729bc9def,15000
0xe0271243df48bfb64bd8ea54cb28ef33acc6abff,15000
0x24cd793f3e5e893180e4e037c45ccfa64b84c0a0,15000
0x0b648160442d37f140746d6d1b336729f882aef4,15000
0x772b98d494a4e8a1e1e6c3eb802273abf7ad6ce4,15000
0x4c6917c557b4377caef9281f5604e336fbe11a0b,15000
0x23ed65702abdb32524f586e42ad13109d9cba5e2,15000
0x64157bcbc2398bce5774b6efbb1cd9221042592e,15000
0xcf78af959e0ff8b7ae45a6fc497934632f878d78,15000
0xa4be994d6d721734c48655231f43b121f4c90e63,15000
0xcb328ab400d2ec93acc0ab515a4900cae2349485,15000
0xbb98c6dbaf8aec02b18d2c4cb0e18b1553e1bf2e,15000
0xe53a685ecc4c29a326d1b3b4bbbfa516d006ce6b,15000
0x85b1b336c1fa324075beb600a2c25f6fc47c9924,15000
0x2d98c352dfa5cdb740e7603a331f10b41c7a89eb,15000
0x8b27351c5a144aac79ae1c4a51f125b4ba00e8fb,15000
0xbe435b47eef09786cd8c855e6899e65da04fdb98,15000
0x553c70074a7ee8f58a2ebdbc3d487fc44075aa42,15000
0xa0fc3290d0f08cd5541856be83e6bcb61ca2f97b,15000
0xd6401d479b452fe87086c9649d24c7fdf9b997fa,15000
0xeafaf963a68a19d3634a9a2cb2d5e4aeed987ac7,15000
0xfac8f35ecaeb1c70eb09a05469d61237d5dfd4a1,15000
0x8d287591de6ce5ca0f0bf933a403528597bb47cb,15000
0xc72124c6debf3c711d391298f0902a2993d4342e,15000
0x85f34837c164cebc37fbc4286ce04dcfc3b35f13,15000
0x5a98f472cd717ca74639e3309523992c98e2f9a1,15000
0x52b704fd2ab24ada318a3b7f4dd652e02e260b2e,15000
0xe3bc4d4503231ab7d559f08138a956427c99c39f,15000
0x474dddd102423dd9deb01dcbbf4a11504b1a337b,15000
0xe9541c48ecb051a6616f7f1ec8a8f73810c85164,15000
0x172a93dbe316b3c4f8677c67ef084e437fbf7462,15000
0xe450cc928bfdad147ba1b2e8ed4bc23883a22e04,15000
0x891b6c7ecbc314b5934ddd8b5ad76d098642761b,15000
0xfcfd65b932a32d419f5d4670007331a3df54732e,15000
0x746c92649680811daaf9911792d9bd9b5c1ea6a6,15000
0xe60aa17050b839ae272bafecfaed8aacf0caf8f4,15000
0xd2ac258edf710001dbc41b79b340dfea7de29d44,15000
0x2b3e3c669acd8c3ddc84a6bed1bf10441fe241f1,15000
0x2d1f339f268511b5a47297fd03b661d78c958b12,15000
0x1a7a303b02d2dcedca0dd1773377c6b5c920da17,15000
0x2717c80dc9c09623efb3d6a01bcdd695bdf4c25e,15000
0x5f3ad25f436c9eff92d132b6164728095ea6c61b,15000
0xb6d005fc9cf94c49744fef29fd0cdb66681dd0e0,15000
0x423f84772ad7fea460a5cb1d438c2f4266aa6877,15000
0xe1085f90763bf27516cb327fa4c0241a565fab68,15000
0x23433aa8be1beb7cddd194c172725982ae12c4b2,15000
0xe76e853a97a9e1bfb7e215e633e11b5b0a432764,15000
0x2bc5c5ccbacb32c288f64478d7d116825300be76,15000
0x2e60a893165c057f495dcfc078d9d922296463ee,15000
0x20d9e7f5fd86fbcc77834d259e660455a3f6c90a,15000
0x1aec9e15468a14d873e2d73b76cff1eefef162ff,15000
0x9d5be9652a831260cfd1323cb9aa2cf28cfd8c77,15000
0x2ef6b36de790b5c85f707f9d8240f607273efd77,15000
0xcbd035649719cb9fce16c8e56709fdff11244152,15000
0x6c72db7233d32a0c46db0615d9d2a5c7909d7a3f,15000
0x51aca4496219ffaad5790afd71ea8de016c082f0,15000
0x4255a4e3c66d70b493b2e30825643d1481466dcb,15000
0xd83391603c520f6885bd035b740b90fd8994a473,15000
0x8023aafd35f61bb8623aa83be387babf2bdc0208,15000
0xbc4f78c9d96fc31574174cd278af46f7c68e9138,15000
0x415799b4eecc6d561d7ab97bbd494d469e1155a2,15000
0x95132837727896b8f97b0c72020ad4f2f0187a99,15000
0xcd9c4265ec8dc79540cc71c4f76a9a24b68bd575,15000
0x83be86b810747fa17653d0644c69efbde416b8ae,15000
0xc8cba4beccac1cd6450db173080c77b10f12a1e1,15000
0xa2d234c9a6888503fc7eb9eb2a252723d57fb7e1,15000
0x001aef8094d70668247333c646a8e8ecfd619890,15000
0xb7a0c6186d13fb2a74b20d5d1763c575be91cdcb,15000
0x027d6b09c1464d4c00c22d3c6b085f0fc95624c3,15000
0x564e6f629eea52f15713c46f9a40ea44c6e964cd,15000
0x37d35ca8311822a8308365f4b2f0622ea6e18d92,15000
0x93ffcbed3da5d7fe2510718d1970515eeb4dc17d,15000
0xf97c9e9d29b772a5495680a0410add0f11bec50b,15000
0x3bc72f5ac1e1c3e3a9e9a0757b30bc6133766cfc,15000
0xb69171679b318927ec53a397692934dd4580de4b,15000
0x3ccb689c5b3034268dea7065a246d8c811e1e0ed,15000
0x9c28f3b07864ea8296c3d5c88ab0b1856b98df6a,15000
0xd061a90615a34f6293b3db71bb2a590cc0449a0d,15000
0xa8f0c411a57bc3a95ba631cee6b37550fb5d93ae,15000
0x2deb71b253a21ce7c4d3b737cf4c8b708b1aa684,15000
0xfe44985fbb6b763d173a7a666c72457b6b44f5eb,15000
0x8479ef027260e72231125ee8a5c1c6872618b071,15000
0x0d82f0796948cf67c3ad2e01b56a64dcaaf109c9,15000
0xb54dcae65c43c92a5a8c7f9e4e8184a24d4a74ec,15000
0x5d428310549b89a590b85461f4625fc7b5426a41,15000
0x473bbba8b64e0c118f90251480d7e9121c96b935,15000
0xd983f011a6067fd634866c06d69c8e1c4f9b97c6,15000
0x21b7b3cf1a1d1cb0b84849aabfc87736ccfae6a5,15000
0x94475088f17b2c76e52851650da267aa5f3c9873,15000
0x66b0be2d71b7aaf40764af1ad6b915b4bd0c8430,15000
0x245a56a8a5e7d90037803f551488ae8849cc81f1,15000
0x8fdd6e53f3ca28145c3e7d5a66b2cb78cc9957a6,15000
0xb60602bf53b8678b22b4bfb98eece3ed2f78cae4,15000
0x47479e4ab0d869cac7c906acd2b9a61f07ce4e91,15000
0xa65891dc0f9da52ac7955d51273d4424c36a8f36,15000
0x5c59a6b16130499c838be0492340b766f91a4d9c,15000
0x5069565b1384e2d441209f41bf64e89470516ae1,15000
0x726734db46752b4e3e39d966388f8865ebdf7a88,15000
0xebda0b4045cfe00ec2dc6f4bebfae6bfccbbcc97,15000
0x57749eff6eb6689564f60fc8b1792372eba80ce7,15000
0x74fefdf23da5b3cb47b6507bce9eaec5b7ddc975,15000
0x909878fc6f370741319f6df6b9a5ca86bb501210,15000
0x5435001985c04786d9b3f1422a591f2fc2a80ded,15000
0xee4f0f4d550b856dd8fa013a0e7916a157749f5a,15000
0xd11ae50aa97fb1c8f73f41b5885beb82dd7221b8,15000
0xed1d431de8eb00a415e9216222cf540b781a6f8a,15000
0x171f36d6735e1b0b7a68aaf404d843599229197f,15000
0x91324d71f5c9231723a1d23a5f7df3bc64bf0a6c,15000
0xf1354d8563444e5e80cb5356668900de96253963,15000
0x4f163675ff2bffa9fb669c0e1b6d15f793b5f6d1,15000
0x6d27c42eeabdf9a87ec8e71e1627001c766d9a2a,15000
0xec407b633effa24f210795c0eb21a7fc4d74b922,15000
0x6008d40f01ba3e8973e6a34d4e1f0f757c7b4639,15000
0xfb32f0a1188f20902976a130a6f9194d3ca06301,15000
0x02d1743f12206629d13228d17859d4270358b257,15000
0xab9476575dffc41f32c5d294aca1ac8b271a4413,15000
0x32c009a07313d06db25d3762186e5284b119217b,15000
0xce7434b30a091d1ea40bf1048b6e4c4caaf33f13,15000
0xf8f7d5b3fe9a4b54692022a7d1d76c99fee6c70b,15000
0xcbe19b803f49a6d32c7e05cef591c5a4f4a51202,15000
0x63c14f7022cf4ba9eada32ba6737949302c24131,15000
0x91a069a75e00116a37167f622f25059905324617,15000
0xc2ba13c0a4b4d85ca5af14f19dcca12b0602d0c6,15000
0xe57d5b434f38f48dfbeb3568ac0c4afa1c6bb073,15000
0x9b7816f3eb2d35a24edd9bb4f33f05e9a2332494,15000
0x8871efc678c4bbfaed3664242882bae26f04b0da,15000
0xaaea7cb7dbb3dde25db79fe5ee09c42c18779e15,15000
0x8aee85623f582f380b09aaa1cd1f905a102aa0be,15000
0x91b872aa031b6b95752b76d14ec83a717a3d21cf,15000
0x3aadc2f2bf2904fb6f242394035d0deff3bc9ff4,15000
0xc3c695ad254f07cfe9e7c98102002e9bf001ef50,15000
0x1390d3cb96d9ee8752a879e7b98e39985d84e8d2,15000
0x6bf74318f3184b55125151f107807355960f460f,15000
0x47f501ffab41a68aa98ac80a5c83cfa464af1212,15000
0x8712b8dc5bd3a05ff58bd693af0d5851763bfa4b,15000
0x93a9a315274a6da219eb01af63681399db2a69c7,15000
0x483e31ad6996856fadb54aa7e70103558dcf8abe,15000
0xcf19bafccbf27369ceea7ff0f60c891dec1a0830,15000
0x38884c31da61b97c7cdff12e33a92ef37412c09c,15000
0xc600596a9691b5b0ea1212413a8dc23197e68517,15000
0xa26c096f4316f8d04dede21f80bb9a2da43f59d4,15000
0x982d76ef7a91c6d9266bc5058ee94face172aad7,15000
0x4e855b2b96cf5064ab25f796d80135ff291de3aa,15000
0xd4157821397dd204f3c9470da6fa8ca12323e78a,15000
0x8afd54063967469bb07deb681266bab4b532363d,15000
0xc3ed8ae8ea26a7d172c7e32cb495d6a1206a7d84,15000
0xb6073fc0fbaab6b721c8653a297235f602929c91,15000
0x49009539f74d50e1b244c5de6c901178d2e3ed31,15000
0x26f2667dcb9d2e2ef372fecb655379fd97b88830,15000
0x75e3136c8f495c9daea991fbf831dd78ebc9685c,15000
0x2104c6d0397ad8d9f4ff7403218dd753c9e82b97,15000
0xd6f6ede17da07306a2e55fcc3818d7a0f0d1ec7b,15000
0xd598d0141c85fa97e4143d33992f2586c8a61513,15000
0x37ad9b15ddde69aea14304244dac7c01e3347b9f,15000
0x52be967fdb52658d3dbfc36a1ffc98b3fdc5fda8,15000
0x0a8eafe9d16d538828dabd87e6f029dbae010901,15000
0x4b58957dff34e55b10d07fa447636d6e8b4f1d41,15000
0x49e0c0c06b33967b5f08330b7185ae55a7d9930a,15000
0xa7bc49339b416c310f0c0d9a8e6aaa0d71178696,15000
0xed5d34f11dbc7168360c62b352d87252cf0b0896,15000
0xb6a2d9ef79b4b646e666fd0018d9287eb16175fb,15000
0x4ba0af279db794abaeef1b256fede87d61283c74,15000
0xcb4df53fc3d4e2a85d364a798f4e0f1e8e4e04d2,15000
0x1a5026a8835fd57f57d006ead2b1ea3041567c41,15000
0xf2cb7fc524ccd2d2e51105666aa80d281a750d5b,15000
0xf802cc06550e5a35000b2e9ec2348a107e124dfc,15000
0x394bfffd78fdfa92e91f3c871d9d6f549e3a9372,15000
0x4cffccc92d7fd828590726f0fc42647483400266,15000
0x5ea4b37ad0488dcdf13d1d237da39cf36bc8e11b,15000
0x8f93e40090f48100627f9223e2e7fe8c23d2613d,15000
0x0eb3770b2be245395463ffd06852d8fbf0232b38,15000
0x8ca7bcbcbd6d0b8fdacde76f8a982f504910bb31,15000
0x602b43fd59cd876dd960f79e1c26286e2ab6c2ea,15000
0xd86a359ba2139cd3c667f61b2cda36e2db2bf9a9,15000
0x7ddfb3488b786c248eb6aa66ae5633ad00fea517,15000
0x62d1adc704bb41be7714611d19468606eb3d19fa,15000
0xe338c22c5129e2529cfa6dfedfdce639478a1311,15000
0xed81d7820118392a2a1b79091eb0388a8c1aafa9,15000
0xf0f49871f422ca01f251671bb090dea684975f7e,15000
0xe1cdc03549725d83b0330d9e68f31386225fe5a3,15000
0x8206a30bc1180b61ccac9cfcc9262d477be2677e,15000
0x5eb812d2d3b4f224f865d8e6f0f15b42e9cf81ad,15000
0x0fa5881cd1aaf058e6e7e41722822b138a0dcb33,15000
0xe27a45fa31a1260ea21c04d5ea979a8e839e78a8,15000
0x06149cb0c1af7e96af7b30965a68f9c5e60d3ade,15000
0x567aa8fb053358592991b398e483ce515022b1f9,15000
0x17660a6687cf1ccb99fb5871b23d2a9059a53953,15000
0xa49d92639ab985112d3b527117188093d89fdb21,15000
0x66ece4afc956f7191d305737460e7b88e1400ea0,15000
0x00f6f632672b250d4ae9015e4fcacf97ff748888,15000
0x79d2b406cb061c140e0f0c6af6ba8a87f8cab1f6,15000
0x696d74d49d48e97f2d577651b848b5f5074e0921,15000
0x2b052d3ce59042ab9f343d3ed4d35825563ba34a,15000
0xae075efa59128e5f05c029cca82e4abb6d3e463c,15000
0xb40ec0f1b5a2588f5229b939587a610799093363,15000
0x26dcd0614d2979f9b2e08d4a1fcbbe223aaabf38,15000
0x5c25b179c82989c2007cd1464327fcce88daa9a9,15000
0x3880d0746ea740cc281f2529e475e9e4310a967c,15000
0x3b50929707ce2c965437b2a400afe96d9c1cf940,15000
0xe80a533bb45178d1c8124f211afce1663cad3261,15000
0xb5b7af6d35ae44734098ab39f6e9a266e1108ea3,15000
0xcb63654cb930d6838c6d32f02ab627dcf80528db,15000
0x63bdf47f4d7b732bf00864cbb1888c5303549041,15000
0x048f2b3d4cbc746e9903cf9bfc07cc92c9a5f574,15000
0xe4b242e7c18aa8453a06e4aa3c3b9f7cbde2dae7,15000
0x1131a52f92eb98590f82c534645d3ba4cd221989,15000
0x8278507a109ef47aa38f04f6c46447e8b4467577,15000
0x1accfeccc3d0249247c9576f39d86892990e368d,15000
0x3b9948fa3d2b656333ec043e4582e25521db6cef,15000
0x6e2436f11269bed97cb97da42ff2c82b8e429b53,15000
0x963858fa3cdce52140592ab520473f12cbd5e34a,15000
0x1b751bf1459f8e28bdf0e01b0ff1a160b113f63e,15000
0x4e46968e3e6740a741ebbca1315306f566cf0837,15000
0x615b1561be701bed9379c13019294b7d09face11,15000
0x074ddd0d576e5ea3b29e7ba48499006beb0ee12f,15000
0x35793ba96e5e1faa752cccd00c01dcb4c9902d51,15000
0xbbeabaca9acae7e86ecc799c9e639c9772dc12a1,15000
0xb14b854653078e11ccc81d46d8c07fa03b5511ec,15000
0xf0c74386a236d10c1513a3b19e9d15fb4f054619,15000
0xadaaa9702ca81b5b7f3f440871a318a7f9e2a7ba,15000
0xaac82ec70de3d581f031d63f3a809fda08c85b13,15000
0x5e11b1966ce61117fcf10422b74e52d2a10b4ad5,15000
0x5fa389f38e8af15ddf0bdaab049819e21dfd272f,15000
0x7978d7a72468f81dd3c33ad2b44097ef2cdea789,15000
0x8705582068705e459b36a32a4dc297433b6cf76d,15000
0x6cf6ba3776bbb4cfa7d5e92177736acb14db3201,15000
0xf4b1e4c5b4af0f47c07540ceca8536de80cc5a14,15000
0xcefe74b99230feaad28db3a278c72f3d7033a550,15000
0xab3d6404cfc5294b374f9fa4383ed2498854f880,15000
0x94e70c8abee7fa8f4fae6a5356af5f2b996e53de,15000
0x6bc18becb96a3c5d46bc95122e0371126e84afa5,15000
0x2293514911b543891665348a38866c527055d95c,15000
0x75b016691bf9451ba02803c54933717cbf562016,15000
0x4908e6e47601227c10721f8967f015a6358eca5c,15000
0xc9483176cb7ef31cdd0024735cb6f86ee12f4ef9,15000
0x618ff7c758bcfe00cce6256881963bada5a09b23,15000
0xdef9390daa396bb92ed1d8b3c1cdca4688a256fc,15000
0xa68179e12a402ffc24fb0c37de1a7c4cfae3c5e4,15000
0x994550f5eb03048e21f4541b77599ab36292c9c7,15000
0x329398e03ed0b74e828042ed30ccc5ec20ca969e,15000
0xc987afcbb3e05d72a89b514ef14f68abca07d006,15000
0x219e0835989a63e07d47c3a0acba0a4e4a45ac45,15000
0x95ed27d039fab3cdf50fe27fb837e19e582f7dd6,15000
0xb65210984257817e014b5eae741069ed5aedb4eb,15000
0x903e6b4f428f2afd8b52b042957de21af2cbb8e2,15000
0x7724d0b12cbca0d812db50df0ad0e40211fd9c4b,15000
0xd4099c369e786cffbcb7a5191ea82b65ee86d0ac,15000
0x8c106ff1484bbd38acb8da0e55776dfd8ae53185,15000
0xc4d59c13872c0885304e551f67ea75efa7d0b14d,15000
0xf6ecec7185b9b308fd67ea8130946afc2065008c,15000
0xad3ee1b0a63e3442571e0a3fb47200c81fee2bf0,15000
0x2e4bcd4566920d3e88ab50c70bda38d5dee05d1d,15000
0x61c690f1f383981cf5949b2b03b4b97b284d7b44,15000
0x3c8da893d802e3dc03b64a8eee72593b648889c0,15000
0x55cfaeabecff33245926a988c56cb789c257b975,15000
0xfac4262c383d078f6a96bfc455aa2e2e1bda220f,15000
0x7309f6be87401321d7830739e0e634f79eeca2de,15000
0xae924e7f7bea4d0bd95d681e81582e3842260636,15000
0x5b9e72e1ecccf8b69ca783ca1cad34a9cba85fb2,15000
0x1f05c01a719138a862144e662be7137f2530d06e,15000
0xc7428c6d2c79634b0afe284d6ae90b5b88166f68,15000
0xf474ca9ac7db2512a07478656c5fc12b507978ce,15000
0xaf0a2cc59a63db22d09ab8138724d93071355c8d,15000
0x2a206eb039c7fb518b4c78c2234ce9e9e70202b0,15000
0xc21d1d87ff05de1a625bc927ce0f9330c95225cf,15000
0xf2305851f15105a6c6996536d6882aafb2ad022d,15000
0xf0d7a098f38fd79e37800aadca3cf2b5a5e378c4,15000
0xf259f58b182b120ecf68ab510b912bd8dd87b3ec,15000
0x2a47182d122d709420d42becc2a2ebd61cd39bbb,15000
0x303068cb328ccc694a48d1c30dff626335887457,15000
0x671aab8fb54a384a2d358451b9bdf7c6d441303b,15000
0x45b01bd095ad18f1ae7a83eca65722cff9287942,15000
0x4f3b3b13848db5769ac629422e06071e987ec979,15000
0x0bc83e974de6c636063a90153fff3b8f8cc2d01d,15000
0x437e1dc933c90879649be80681d1e98d04fb95c2,15000
0xa7c3995214b953ba32839f6ba2d3c0716bc6fc11,15000
0xe3cf5fa5cb7e23ca5792c3253a11d6c8059e5998,15000
0x7f8c53c90c86cb40a3d1db90633ccd75637747eb,15000
0x248db4513bd06f3158f3acfd80fb81698720a17f,15000
0xe86accc622025c7a0e30f0ee6158afa961926792,15000
0x7ac065a7462af18c9d181598bcd08353f06aecc9,15000
0x8344092a855da7795d1ab8b6f54e2e66e24f999f,15000
0x1ee7aeee409bf3898f7625d125471dd00de2c27f,15000
0xe66d38f4ce520f4685255c85dec6da21d721ffdb,15000
0x410b929b4f1b74d39d80924fda9b807810d08089,15000
0xdd6827f3559ba63ea2f2b212e7c3c308d4dde5f3,15000
0xe53af7bf7df84f440bbee242cb02b8d3422dad3c,15000
0x68bc0459051bf29d37a23324e8774896889ec0a0,15000
0x2b7a866c8a1735cfabe71f7916c2564db2338a7d,15000
0x1baa9f063660800d4a4b31fb347c92f840b14b9c,15000
0x30629f2ca0a23d0a825a856873e7f5581ecea639,15000
0x22a0d0a0e613a28a51e30c1335d94032bf353e75,15000
0xcba9a44acda1d88993dfe5b1cee3015cd9028fbc,15000
0xfca11ad8e98d7fa5edf78a9c3c03897a6ea73035,15000
0x18db943137e0c12f18b88ecc56fd0051f9a8459f,15000
0x1e7b98e19cb41a594a49dfb3687026bb5cad8b52,15000
0xfda3b7684e00d2a9aeae1b1a37de81fa95c298fa,15000
0x35e4e92a372daff8c0264e1a715e7950c8f47580,15000
0xd9b4278a7af8b6b5d6c3dd4f9ce9dd47b8ef2a20,15000
0x6b0a183b558a1510ccc3f250f847584f4b4b7fff,15000
0x00d80668f143b9a79d15c1b174740ada8dbd485b,15000
0x8c055a8506644be12e915522d4d6dcb302dc16e4,15000
0xc277d40a078a23a3555d258ac08c06098b08403b,15000
0x8739103540aeca0dd4d85dfbf370cf471ac2f9f9,15000
0x65d7dfa539ab02d77447551f1ff96289e7794850,15000
0x759385732c74f4ad702e4a3f1c6869623cdece76,15000
0x90a966bd61640ef1db728a2306411518e31d285a,15000
0xc55dcec99de69dda6466265b18df04931534ecd3,15000
0x2e4f2c52be3b658ae19aef5eb9fa46051b0de141,15000
0xcaba42eb0918e095ee37a2d00cb4665607b499f2,15000
0xe1e478ee0ffa2a8a929a05159681281f262995d5,15000
0x0c9512cd871ae50dec0dfc4268b4f969c600a5e7,15000
0xbe0b141fbc1084845a5768971b0e4c8cb9024725,15000
0xbeaaf8a3863393566bddc56f605499a90882d272,15000
0xe33be990cf37ff85da565d7926a6085f92b475c7,15000
0x4d9d00d3dfd6e8e4224f67ed55db9780a26aaae2,15000
0x518594e1da5d358809548723266fe84afcf81464,15000
0xc2e1ba918e7b0ff3f89c37992702b1bf7ce30546,15000
0x381c5c08043e981e3134a9076326fa02ec0d6076,15000
0x01c4bf92deda45605f6407bf6ddb11a5dc7146ab,15000
0x88ccb6c15e19346ff177a8ba27d22721ebeea5d6,15000
0x7a957a23b489c43dc45dc9a32f73d6ee5ff561d6,15000
0x4f0259bc970e1121fb786aa1597238a5d724e908,15000
0x5800822f7eb5301fd233d4081ca39f733bd447e8,15000
0xb21065b2275544c3791274f4b175a48acd1ef5dd,15000
0xff19f87e6d03b9adb70a800c0abb7e4799d3188f,15000
0x682974f0a5fe32db6f8f35ec96350573d743dc85,15000
0x8cb69d744f85709e7b6a5928861bdfebe16cb9b6,15000
0xd83fba51a090217f1d6fec84f7745027ccdf9c37,15000
0xac0468a03b550ad43152dca2f87029f06c0b09e7,15000
0xa0e99d2d4d790c693c7ed0d49aa88a7d8e66194e,15000
0xec15eddd34fdf0f91c904554218ca8a5ff5c6424,15000
0xebe6762e00fc6537dd32487e285e54909920e839,15000
0xc62da63946ab6f141f6e3378bb902c33773873b1,15000
0xbd1f3e6993e56713cf337f3b5c32252c278c7161,15000
0x5f85c077fc3b0d4a9c11418ad522482b1af55950,15000
0x5569e7ec942e4a6949aa1787ac951a5c4c311cab,15000
0xbbafa70fd3c7168ee10a80e33c73c1d8b4f7076c,15000
0x7007ce5185056d55d99ab4389928a41178b570a2,15000
0xf0e2ddb3960e3b349eef5efe6e32471391055b17,15000
0xfe16fa5321eb67fb451e49cb9e7e420cf8d3573c,15000
0x409e378358d2ea885a4b7e383c350150845b4ef3,15000
0x4c07665850d9c389255705dee1c8117bf7a6e938,15000
0xf1db72aa27142cc906d4a1c667bba292b84f92c7,15000
0xe782b534e2b471bd94c731dfa0d30c60ba8a81cd,15000
0x9e50e72ef88633cca04fc4afc4d66865d9d53756,15000
0x1c7cd8009d56f0db67d1b66702232b7f3392feff,15000
0x8b434c268dbdc68affae2738fd725f946cf3cd4d,15000
0x60ae18f73da4e49d6f08e5fbf240d7558400b80c,15000
0x3ceceb8524863fb47a3fad75af04384bbc3ded96,15000
0x4c464b773206285d131100606555f376ef9cc969,15000
0x475890fb8fcfb28ec3af2cf64feaf398c63bf23a,15000
0x94998c4d7aadc535edf5fef980950ab9e0e745bc,15000
0xd1c88ef34c2baecc9d314fa917d91ddac7b619ac,15000
0xa4d68a30f2c741f51e1615eabeed56d637c56108,15000
0xb68174c302f924e3b4dad74e800e0e37e69bba9e,15000
0xa9fc80799cb403e2ae640f56fc46af236a559879,15000
0xa3d54881bc1ec0bf096dc1013ac7bcbc8967b296,15000
0xaf1772fb037700e3584a6a1ded15e1671e407513,15000
0x83dfb9b64316d9f43ae0bdfcd4382f5eb246ce74,15000
0x60e134ecd59fef2ad1e0593d19b6ad2fc72f4215,15000
0x2fdee5ea69ddd85c24cbbd5a9355cce1029e1caa,15000
0xd871c56d18816b66dac6e94ff37c1ffd12d76518,15000
0x7a1746576cf31ace627a5abc675f9a2cd9bd6552,15000
0x3e171ed63456cb9121fdef0b60f5935ea78e350b,15000
0xb9e4c7c93725caf6022b17d5346374230116da37,15000
0x0f522517d3d6ea3f31855ae87df8eb76e776d770,15000
0x224290bc052af77fbcf4d525726f17b58508324a,15000
0x2756d8ddf1ce7207a66c277cb339aef8ecaff767,15000
0x2c320be788470461c428d9c39d9347d0fa313be4,15000
0x4ae91dd7106ace9e2ab7c17a451805e5066a53e8,15000
0x5d762754a0b8cb6b8f1aadcd08ddb94d1d6f36c9,15000
0x0a433c92d0196964c5810b969299508634656859,15000
0x2ffda3f7a595d3b9d40e53c137d4da8ad7f06fa6,15000
0x93fde134cdb1e8a644efe6d875d5b6fe1fbd2e94,15000
0xbaa1425e8a5ad8ecab2d0816412367a788a1a720,15000
0x990fa7e7bd8b35ddf5a3262d85ca8df830da2176,15000
0xc82149edcb821745d72eaa3bb039f3120108834a,15000
0x26e59e713bc5473c3ed7f1449a2c707a2210e5d8,15000
0xb0b83b2eadde48083413244d89378c572e5578f0,15000
0x607c1cdd7d0c7e3e64d20facf5ca83b68218cf0f,15000
0xf7861c0efebe8a0f8ba2f465f392168d4a3b0a56,15000
0x1e0c260d2ab050b47148a44f0d58fc21b4fc4127,15000
0x387d56f2e787fa63c1a59558b5b09a6d98bd18c9,15000
0x86624abde01a7f96be9e74d23101eb4696500b65,15000
0xb1876f8bb0af646dc34017b3438059690a31a53b,15000
0x38c541d521e1f75b51e1c33d7090c5a7fe9632bd,15000
0x0eedfc093f91ceee4466c5c7004a2e9d86e49f35,15000
0xb7f7b2e504224d402eb43f5893c997652b19b826,15000
0xcc9c0d915281253b0dfc4b0399a9bd328302668f,15000
0x44e0a8a60a3f460877911e5b2bdc89112be7f4fd,15000
0x19f34191339e298bc2085390b3ad75c7ec0c80b2,15000
0x520a5fc9f0de0de1578e8cfe642ce75c33981156,15000
0x4ed4579bc88050d4e1cdc8e84c895b1b8c66c918,15000
0xa699bcb0462b5f434ba1b2c4f3de6bdd2b79e853,15000
0x7df01998c964cb1270037ba15b0a621b79206856,15000
0x44ebe44a7c415d7004b2b85c4f99232b352aa348,15000
0xece7bb4075ab851f20d73d62d1730aa055bbf1a2,15000
0x96f6a83383988e7aaddc7ddcece8686da0f05c25,15000
0xba57095347c3dce6f31cd3c954bc6c7a7415b94d,15000
0x2edd5db28544d576ea553a4cdfbdc754e504616a,15000
0x2cc1bf8ea488c2916ea13ff0eedfe3d1b93d0bcb,15000
0xfd877bc24534e5752ae3cc03e9a23dbc49967578,15000
0xa2175085808898cac448eb7799adb7c2cd5d8f71,15000
0x81c4143ee57906239718de4a904bff00436fa1c1,15000
0x0bc98bff0de7557d3e499104d8288a6eafafc6b6,15000
0xf515aabdae279741a6a7685540a8ab2b666c44cb,15000
0x993bb92f25e2d3b486e44c18433f91490655b30d,15000
0xbc850d16052034c9f40dc96af835bfa3686f40ee,15000
0x08aa2a65362ef306938c199fb23055c8d7169c08,15000
0x715622e33f4e78983146ecd482617ed412ad4e02,15000
0xd5811a464faf64ec68c244ce6a7c4b30b849b8ce,15000
0x91567f4d8fe21e0f7569970c02bc4c7b856cceeb,15000
0xb6b3dae1b6743795efa46f682f34e7687a2d0e96,15000
0xaa0a39f6cdea465b8d24e3b8d1386a8c290e157d,15000
0xe9bd8e3d539d46fab8a5cc61baefd9ff2d511908,15000
0x617cecaf8102c218b1de6912732cc6cee7fdc16a,15000
0x9faad0b13f5cf2ed8919347471f0db640d53f764,15000
0x615916316fbea3cc4c5b534651d17cf425c5d7df,15000
0xdec146a46601bc589073e7faf866ef47deb46a67,15000
0xeae2a97a0ae9c97d44630c44c6b75f4f61505b1f,15000
0xc76a4a4ce00bb2a28a4a328d44f2c5d6266b8d37,15000
0x8627141a2158109ade616fc380d23d88609274c4,15000
0x25d7c9de6b2a7397af4322801573bfb748c9b911,15000
0x408680bfb0b9dd0efa8c7a16e649a49364c70a67,15000
0xdb16d4849fce30f16b65c12b14ca77a8d4933788,15000
0xf891f339755a7e7a69e6e0466428907181fb0b58,15000
0xba0931876edab4658e854f5556c59d112a728ceb,15000
0x55a9b15981f02c7563db273e08fcafd331e6564a,15000
0xe74c72d4e067988c8b2d4486ca153113390cca62,15000
0x6241eb789719576123e14632f8e7e03fe5e44471,15000
0xe51f5b3cd0a3bf2a76bc3b38c032e5e3165b5eb0,15000
0xb2ebe537080810daf261f81848867a60e9174cce,15000
0xbfed3d575488b54e0dcb137600bb11132c624cb0,15000
0x4cc5b721332eac8a170f220cfe77b246e84555a9,15000
0x3db182488faa5dbda03c331960e605e0c2ce14e5,15000
0x9650b4796b0221f0ed128b13adc3ec45c17afd8c,15000
0x202878ae1602d541014bc76342ab6526332c07ca,15000
0x5fae23bf770ba55296745a1ebb426bcccdcc39f3,15000
0xbf965ad247fee0e323ddbc5fb9b86a76cb758959,15000
0x20457d8986004e2f92045990e4e63dcfb670fceb,15000
0x1dafb052c4085e1a5f6bc675ae0721153f49efac,15000
0xc871c087fec1dbf320437b52928a4aa07bdeb208,15000
0xd6322b57308ec70be308510930a9a9596f965c83,15000
0x8f5ad1e22eef3b5831eb30ea0ea50ce14e6370a4,15000
0x158402ad9332727494becdfb8cfff77b78dfd78b,15000
0x9b64076a9522cbf6d934544b8325da1311293845,15000
0x49d2192144fd4f106419facfbc6b5d816949d04e,15000
0xd4e44538f3f6d7b0781d0b13d7e074cf66d217b9,15000
0x29f5e1c574fc96a8fa77dfa6ff98162533162aa3,15000
0x11d2b3d3e17a4b1791168a3501166444ed5e93e4,15000
0xf28331dbdc72398444cd36bde5d545f0f01f3ca1,15000
0xc0b3765df5e14043dc53df9166bf49a5f7703f94,15000
0x3d371c26aa2fcb9f005cc247b0a21264ade07e41,15000
0x5fdf42f247c62a31a88a6925e3e61f1511213ad0,15000
0xe24bd8e2f31e0fca57bf841022c25ff19c28e965,15000
0x349b1285073a148db8ff0801836c205ac70a40cd,15000
0xa5ff6375a9ee243a593775898bd279735f67a597,15000
0x6fbbbf1853b1eb1b7ad89eac6c42a8d9e39dff4b,15000
0x03bcac131bd093b636a50ccb0b922dd7fc33941c,15000
0x93fa985a818418770bd95aa407331c5a4d869aae,15000
0x102b828b2b60911ea3dd9f5db5e4942ee3b8f87c,15000
0xc3afa94b4f72ebd515ce9423b86a12e82bea14a3,15000
0x3641f31a954eaeb80af9432bcfe39e44980388fe,15000
0xf76c3496b1086279677fe910b2440a30d75bfe93,15000
0x36f7defb8e82165d1c387c4efda18300b2c45fa5,15000
0x015567c8cbe3334080e50163fbdb97faa3f26558,15000
0x49ac34cf0b1432ba58061bfa6f7c8b5d016e0c81,15000
0xaa2d49e49553179add67be6d092afc05ad555b7f,15000
0xb18fc17a4eae67bdc2fb2ed5f99b0c58180fe0d1,15000
0x13d856a29184f5d9d54f45888a9094b5dfba48c5,15000
0x1cfa5117131736e8ea22bcdecddbe540adc2f5db,15000
0x52270126d52b898b5364bdb6b486f34e29cb2cce,15000
0x57a1d71a5396887c131be35362da63b31c2a8dd5,15000
0x0f8a070fe2541538cf21796ae5e3f6f25a89bace,15000
0xf50f5979a2b41ba87f62b13ca21ade71ee33686a,15000
0x040898d4df735df28ab3340c4195e088dd421e26,15000
0x9fea3f0a23ed850c5d72baf411088969cc16272b,15000
0xb99142a202f7201238fefe96e52e6b54732d6f90,15000
0x8ca6366616924e406a28fdcdc07bc7f95e3ba6b0,15000
0xb879e8d9bf8a446d731d491b9d640a74a0cd41d5,15000
0x278d92d2b7aca50daba5b1e8248d177be31cb11b,15000
0x8450231c1904ebfe9dbba7c9c0faeeb6e303a811,15000
0x04e14aa40b1dd384d97aecc26e0bd8f24dae6457,15000
0x54da08d1da1f9b6065dcf36a13199549dd35dd3c,15000
0xd9e0e45e02cc766ed05d08866ba93603f3c1f717,15000
0x94d9c86feff99d9836c8934e0238cc6610acba4a,15000
0x85791942dadb826bb3390d20320d56551f348fff,15000
0xf37b265abbb87ace571fcaac2ede9c158e143f27,15000
0x97e8daee4eae9aef8e7c7697fb2c736321c16eeb,15000
0xb4367fb2c44721a3b1bdefc8057c32eeba1adff5,15000
0xe4e74eb22bd756872cf1063bf76d878b71f9d84a,15000
0x1fa2d69eed22d91b12a4889d5c658c978e9607da,15000
0x4952402d9b25a48301533d158b5fc65d9a9ba96c,15000
0xc89b136392e8e469f9ecfd9a92cd68500d6dd502,15000
0xe8d63d71e24296034854d3c45896eadedb7fb565,15000
0x6aa8660e8d162505022d6e9c822ee6750dbfe07e,15000
0xeda43891ed75d4a43e3f3484af1823f4087cccb8,15000
0xb4b438eb70a45c6db1b25cad5794dfb6b66491f1,15000
0x6e80ecb3010eb6163092db8937d556e7388ce055,15000
0xbe2f3a55a52a881035ffbcd80ab98b1082dd61a4,15000
0x2655cd1f8aa3c136d708746f3a53e6c4e017c6e7,15000
0x08869439d9eb725bd8c9dbcb8b5cbfb8a8c1090d,15000
0x251742aec93f0162372bf19fac15b0591cb66789,15000
0x05e805696bc3f951eaff34cd8ce491c836ec04b2,15000
0xa5c3dd84d281f74a22f1bc4ad095f60f09a2b728,15000
0x49205b940104a78e03a0378cfc69766c117bf135,15000
0xd2fe59ddc7d3db20f9b29d81c456aec120d608c6,15000
0x205088fe82e09e35ea7fd8cfbd6e88742d5068f4,15000
0x52830cfa00f5c1e3dc9d0ebc52fbdffd13fa2551,15000
0x529b7bcbc5a9c9c197156d1273b9fb196f7ecb6a,15000
0x7b2036b8e77b4bd35b0c5408732a685918352500,15000
0x20c607244148d4fcb80dc624cdcb9a9bb407bf59,15000
0xd363daefd290cf36f5b91637ce57330fa37d9505,15000
0x86491544f66eff961cb82162ac6a01166afd00d1,15000
0xa65225075f47c27333dee36726bead9443f32a1c,15000
0xca371ec5bb405fc6cad6a69f86fe6a86b28d953a,15000
0x313e1cdddcd63ee322b8cee7c992a10973b53447,15000
0x6988ca9395f28272355ef2010ada63e42994d459,15000
0xc008802358e818922d40c98525aa61384967be39,15000
0x9827cec8c95f1148b1a1b098176bf747edbe1ac8,15000
0x0666d34f55a0f0b05c3857462ac6c3969a72e9cc,15000
0x9c026528b9cdad02f28402a32761ad9768b795b8,15000
0xc9be13d85071e23776859bb17062271b92d398a9,15000
0xa3340dc848ab36470727c33da758e60d0db4fc4a,15000
0xe34f87067dd4d83328e341503d36482979ecaae2,15000
0x85ecce2a5db5286e377130f5fe217fc414355360,15000
0xd9bcd6a16160f1dd42e2af2a4915f42ff82dd8af,15000
0x89509266b5e5557b6295dcafe73c8ba07d471511,15000
0xd2e33163395ffe131c9f4df354d50d6cefe48568,15000
0xce9fda8a4675ccaee070e75ceabcac8fa6095666,15000
0x20656f843fb483093ffe41a39bdcd2ac6a899e93,15000
0xe95386500b12734b245f17d860aa3f1130125bcd,15000
0x052a47b329bebc999b4157807c80f0c427f20a46,15000
0x7151a742afa1c3dde764ac0f7a5f66bbf92aaaaa,15000
0x1693c2fa63be209ef49b89288ebcc387890e2361,15000
0x82f6fda540f92a5c219832c4356023d0c412a12e,15000
0x9c7217bcb0e2bed44841beab85b8293035193b49,15000
0x340b5f9b77eeac9ac6ab665bc524c1718ab69f2c,15000
0xa5328c059e1520e91642b71f494f483c8661986a,15000
0x305b8fb031d112410771902fb8c111edfe8d05a8,15000
0xad90a931a6ac12004c72dbc8e3699ae9d32bd0fe,15000
0x6666da1d4acdc3b3aa0407434998c84cf4b65275,15000
0x6c2351e650c4245cf1daedffef008df306c18fa7,15000
0x4cf4878c3184fee7c945ae38471d0d85c2899c3b,15000
0xca9cea1d9c9809a832261deb73ff4af0036fbca7,15000
0x7dbfdcf95135267813fd10c4eb89d691a64384c7,15000
0x41efeb92285ef398ea8748ced84223737d1123a1,15000
0x92e31b2721f8782a9f953edde1809d43c05a4a8a,15000
0xf14b474f371bcaf9dd7a2d2a72c3f10464ca5311,15000
0x12d5b71190b426eca637e25640f840fabf652fbd,15000
0x00000b68d3c4bfc54ab1fc6b3af22b0e7c5e9de9,15000
0x1b25e78074d1c6dfa0b42a06c3b3aff02955480b,15000
0x8884f075c2ac91beb201e1831d09d80480e20601,15000
0xf4537ce08c52b63342cb4ab272cabe24bc60b656,15000
0xcab9af1a2d48023eb11d71e507ea94dc0ae26d44,15000
0x2ebdcbee8ffe1c2f988667546e7b249d304f5337,15000
0x1112b1b765699b399029ad540dfe860997a3223f,15000
0x25fa9c6d6bc937d415ad2bc13f0ca2c01f6e1037,15000
0xdb7b48ca9404940639196f89bd1db75b3082e0ed,15000
0x62c9b7a3ad6c74d97558591f8a58a4288e3e1257,15000
0x45d4d46ba396c0e836a5a6c8277a4741605bf618,15000
0xfe816f17cee47ee4d8d6537ca0b6b6790fd62e82,15000
0x943849fd18036dc684c8b0e3c8eff87aef574995,15000
0x55a3d05db4998377b09faed5750ef7ca99a40905,15000
0xb3d6c1a519bf66a705b487f3924f6f8f8bc13b8d,15000
0x1ca5f6cbeba646ee77dbcc8fd396916f174c5a79,15000
0x98d62becb4dce69bfc31a9f29f08c1e69c300db8,15000
0xa9b8781dec90f656ec5ac06fb025812cabf5871f,15000
0xd015e13e5f08e55f616febd7c90b4fec84bb3383,15000
0x063e4996e8890b64a740a0a06e8350baa0c3c7e7,15000
0xfd075db9faa71e05bfb0a62d5e5518ecb27f74a2,15000
0x666fe863bb5f4a4a737afc04dae63852b067b529,15000
0xc17d78cac034b178f192bd7a3df95627a0cf6b9b,15000
0x48e6064e522dc05c2a3455b2adf1c86f9be64ed2,15000
0x7f8ab7c8516a5d1f0b02800fbac1dfc241526aea,15000
0x407ff313a8364b210a71a6df063ffa10a23a44b9,15000
0x2c3dd0a29b3d05f7e8249035c5dca96d98494699,15000
0x00b3ba1a64afca71cbf9cfcffa1c8947eccd2eda,15000
0xf47aecd161288c76c017471da1ff779e617246b9,15000
0xb375c3d3ec8e08f249cf4368faa2eb6cf57f6fd7,15000
0x0a3acfdf65ffbf938a4e0b7dccf2c4ab24921b01,15000
0x5bd511fdf28c1c873e3d508b9bb5145d5350ee7b,15000
0xa57a27175e54db16ddeb2cd096be25916698a911,15000
0x1da687bd5b2ff156d9cf10e2e955c443c35412c7,15000
0xd79bca4179502cb9c53a160a7891b5982b568ae4,15000
0xadf3081629d197dbb3acee190fd304b5b4b91e56,15000
0x0f42c47060bffc2d495a71a30bb99396081e55e4,15000
0xd227e4177113596e509e8a494462381d6098d9dc,15000
0x057304716f6ea9ee9c5de25d58bf6401bc68b9c3,15000
0x0c9fa08acd47854d5de74e3488fdce9a5c6f4e46,15000
0x3b31b237c97d08de233c2f6a48efc8dbb06b746a,15000
0x0c8598606511978045ab04e393cee7c51ccab4e1,15000
0x012113d558efc2a7bc966b914edfed3a19bd62b9,15000
0x1674105997b44c584bc95e296f77ebaea75362ce,15000
0x211af11b7557132f0f362bdf1c45d63d6b1b5ed1,15000
0xee300416bd5e8cceceef9410b95873a43d34aade,15000
0x964cd62582ebcaa0cf892f93a22fcdf5c35fd6b9,15000
0x08bd0168496409164a0af027655edf22e6fe0940,15000
0x0f09b773fce1a5b264ee0508e6513b1102171209,15000
0x7d01c69b9b5efe16f450e5ff6d6c9181b2bab470,15000
0x4cae9d4853132a0c3699fd1cedc8c89b3f7b8b78,15000
0xa3a499ae6a172bb0c5631c09b8a22bf1ebb8926a,15000
0x808e06c5e53e5a6f17a2df069988b7d4b9512409,15000
0xbb37c0cfa4588e60dcc49751e648f3f673398ef0,15000
0xca9967bb21dc722113670b3158ec29dacb0f6b9a,15000
0x43d2b25a5924f04543d8de8a2a75ce1f222e5a1a,15000
0x6f4ad3a14f8c633f4207337d7d9555e20586093c,15000
0x95a7bb594907920b04293bcc2cce2a4f87d187d0,15000
0x9240e378bcd87a4e2be3853592dac08015b14ba8,15000
0x1d95964c9c11943997c63c7f5fab9fefd14826d4,15000
0x95ed1912027471267121e5a6e79463e16497505c,15000
0x645622a4a752095ad238d312f2e473b8f3d3c135,15000
0x387d4852b18256f0787d80cfe288b42d7093fad6,15000
0x11d9d9070e013ecd407c38a172571b1a089774e2,15000
0x3099db1d6123b3448675d1a1768b6f30000c560c,15000
0x0af67051a10021dfb377bd78b9a7ea019b158c4d,15000
0x011bd6f16725aa10e3989073d5761ae874b03678,15000
0x77271dff23a1a8862ecd9ad511c6ca1cd69087eb,15000
0x28265d655accb2fb236f4812d4b669559851ca0c,15000
0x83b400e58964890012a0f678621388f418f69583,15000
0xd028d49e75cbdb70e2c3af5e2dcca67196c9495a,15000
0x3efbf33183b21744844434392a7fe2d95601c0fc,15000
0xa02e8c8e1621d583c6754dc4edb318fc7d159604,15000
0x186dac36c97ebc1e46b91eb8627ef0ca4b2cff6f,15000
0xbac0d0e1b4562360ad47e4c106842c6b25e07365,15000
0x0c588dc4418d6697552ff45514247540bb02526c,15000
0x242f656b099a188bfc523bd56f84a6a9472d9174,15000
0xe49ce912974d09b53c36c9c22d433c65dbfdbe08,15000
0x7aec98f92a96146f8e80b8eb4e067e4c919a1f61,15000
0xbb293b7975d1416df1d61d74ea364ee803e3fddf,15000
0xabdc7cdf6cc6eb094741489f0d4031e0ac681c41,15000
0xeb326107f9fbdd97c7b91dfbd874b3e2b7e2e3da,15000
0x35a1d320404b7ff641bcacaed251e931aec4e82d,15000
0xa534f2307f2b74979aec670ea71c368d120dbd2b,15000
0x650288bff5e7bd7cf964c83fb857c91f3421f6f2,15000
0x8d1c6c8fe4aefcb29163e1e8d08f25c4e08cb611,15000
0x074cc7874bea989e4620374f067b5fd510a6d84d,15000
0x05c181d43c846621bb3249258ddcf9217d6dc3a0,15000
0x8c2d6d8333ac47ea4322b7890fd71827dd24767b,15000
0xd969224d2a9d049318bf82f82bd8004ad2ff8925,15000
0xc3c6d292f6216600540d35bc0ac582bef8c185da,15000
0x958b07392ad2019b09c6b9dddfff1e95369318fe,15000
0xe97527b393db96075109db95b07c221d5e0c6fde,15000
0x05590c4e09a3aecbf06b5947f5e0ccd3aed13f62,15000
0xfb30b105e5012b8de064432cb5f42582e81cc7b4,15000
0xfe0445eb0ab05fa3608df91c56d8e80b3f122505,15000
0xd77aeeacdc1b0dbdcd3ee9d325d2344dacfc3426,15000
0x8079bcd673bced3798538151e18e972c17472b2f,15000
0x3f9b5385cd0f4e5ef1c99446db37b61574a8ddc9,15000
0x6b86553e9173fdb8b59b57714d397a721a5ae52b,15000
0xb70a63a0f7cbcce8e464ffc6245ccd80236855ef,15000
0x275f8eb1c037e154655e89deeec7eb67ce5f2e0f,15000
0xb4a0ee1168286f287f612cb34ffc7184a2eb3b8c,15000
0xfd6cec59a65f67af739eb3191c4793c342e688ee,15000
0x0d360b6951fabe4fef3ce34fbf59fe4f8c1bef4e,15000
0x75440b6d4074cf03b18a848797981fba271293d8,15000
0xc4cbd51de74df13c08fbded6d026b35c9a6b204c,15000
0x286317b942ddbf96568b667dff730f4798c66c4b,15000
0x3418eb6ba3a722817b19b739b8ee10d822c2f39d,15000
0x00353a116721cb27775f2f01c86f5a461192f7c1,15000
0xa28350d5c5073f7cc7166af1255d92a68d32327e,15000
0x9429a0ee59c387605e3a1436d987fbe6a4a99c44,15000
0xfabeda015fdd19e054d292d64d8bc1eb3ea1e046,15000
0xa98f310dbfa9b320fccd60b46a782efde581ff76,15000
0xc87c997265db21618ab7e5db1b3d232e48e4fcff,15000
0x847020c046e2822cd0d4b3e3cfec408a7eaea8cc,15000
0xdb7081d8b186dbc301089c56c39d4ff80e6de075,15000
0x2ca67d79f86d1ba627b8f42e6b3d03520c68a818,15000
0xb67221085907b1acf9de6ad9193e5183c787ee7d,15000
0x0da46262fe8c5f0690704830e98d8f6825ddd953,15000
0x40a7cce705aeb27ae39b579a4b2ae80b8c7226b9,15000
0x02e34f98aa9378d510e60223778fb94f00a59769,15000
0xa562cbb74185111c0d2d8d6371370beb9c52e832,15000
0xe769b5b40f8feb3ed704a9d602d700ceee130eac,15000
0xaebc5ce6d4c6af0f6396760eaef77bf204f80d3d,15000
0x8f7d345234cd260ae89e1af67cdaf252d3d69ad3,15000
0x6d10669cee2933d67e28cf00840a1bda6e7dc7f8,15000
0xad9deb26b275e89f7efe055cb6307db57ef3e765,15000
0xbfc63503f8b62508165574ec3cdd55a846142b7e,15000
0xaa6453cb8767fc2b3160782bd21fbd0b553bb0d6,15000
0xa3c9dafe50cd5abbfc76c860dbfd2e8949dde530,15000
0xf0d6c59f6efff68616982053a92465ed0b69d92d,15000
0xe422448c37a7bd12af12135703b63d496d07c024,15000
0xf366fc12aaddd4d4f4fdea4f32b7393878175b37,15000
0x564048e92dbd8881defa352a7584efdc18fea806,15000
0xab300f4e850b5070675eb49f673db32aa68107cb,15000
0xf259ee1503c2e00dff2049aad77127c50d08b03e,15000
0xc07022c382d92aa3ef1de650bbfbe2fa5d06fdfa,15000
0x04e0200d8b5d47516300f68e16d02af5c4e3b1cb,15000
0x963bae09ca00d1b4c1a0dae4cbd341b46f960a54,15000
0x8d231cacd6e7962b956b4e34ed583328f6e0f0bc,15000
0x343d3d2cf325c8b82e97923f27992d439b8c0322,15000
0xda6474cb2465b41ae5d7196137091e1c18f88153,15000
0x037dfee5a8f3faf1758afec404a95e101fc2644d,15000
0x4fd0777046f0933af83a8b12afc5cf4cffeb2ee3,15000
0xb403290b22cc5341cc2ac063ba2c58a7df3c20e0,15000
0x3290def2529665346ec1013f2e810fe1d592f4a9,15000
0x879e49e484e4daad086f5aa70b946863e6e8c089,15000
0xea680758f30aa06a780492676a2a2fff6bf3ec65,15000
0x3537ee8a9e6d3b0dac4cc8bdcd46a9356383dfb9,15000
0x654f46741b238d906846fd2173c202a933a75f90,15000
0x02d394625d060c823e8b137860be2e776475c15e,15000
0xf10666f72e13f355a5d44301db1d8e9c4afdc0d9,15000
0xac94856db3c3d6e16e0e0c0459d617f20033e545,15000
0x667c64962d7816c8efc9f9aff0ba546c52084eb2,15000
0xff4d0300b88545f1d9552fea820aba2bc417bb2d,15000
0x628a427f86668dcdfeb4366355a3174c818394ab,15000
0xf063de2fb625098cf37b16fb3613ef366243fce0,15000
0x07abd23804db52d40780e8d1b23f1558f689f2b8,15000
0xeb512cee267861a901c2c73a6e15cfa5d6ba240e,15000
0x08e2673323c36ddedf3a00c11722e187ed698ae5,15000
0x22da406a1298ca4dac29bce87d573f531e26e166,15000
0xdea5364f56e9f1c47b9e4a161c8d784d3eec2094,15000
0xf69514673317423751aaf86193e4a097d664ab09,15000
0x6eee1a73668c66b637770e6f7da84483cdcc25fc,15000
0x6825eaa57b09dc9734f34d401a6a30f52860fb7c,15000
0x6a447863a6f698289fe56ff4de0006b497660cb9,15000
0x111ae37b00f13558aa47f90b604b48bd6c2cd5a0,15000
0x7b0f83512fedff4bdc828802d1a300376c35b28a,15000
0x86b8060e2d64b5a37f37d722c12f907d961e08f3,15000
0x3978b7d5a4ac38000c7844ce88123221378f7152,15000
0xb7fb90dc6756f50ae34b4b2ca8eed768b19cd8ee,15000
0xb0376da78169b696d33efbfa0fe9e45e47ad30b8,15000
0x63a04dc8639af0236415e52da77cce06800c355c,15000
0x44c65675215b466036043df1f5cf449f549299da,15000
0xe6d18283ef92764ca0422143e93d36a5ab50cf1f,15000
0xd00dbbe03d11144177c609682b66073f62da9f89,15000
0x5c29ebd479da308a57278426ea23f89a1802b8ac,15000
0xb0b740636963d54c929af2d73c1f86b422c53726,15000
0xcd29d74137997ff0ff7015d461263521ecec7d61,15000
0x21479947989bf8f1e11bbe1dd91d68377ba856bf,15000
0x92609a44e0252cce609c810607b1d539c3f07312,15000
0xf5ceba9e603767a1f68a2eeb1bbc47d729a84c7b,15000
0x6865061ede3f4e7d19d3325f52690c69db576d3c,15000
0x831c9fb22d32c1e8cc2e46c47ea6b6d052518b4e,15000
0x72ea2ca51f9343a96a9e94be18c4f050dfa65193,15000
0xc6edec868ad966d661ce67b2d4f334b9826c81d3,15000
0x6e7d37debc5b9c2080d30cc121f7bf76c6957890,15000
0x25a387966b454ed5fddd2c51a97b4b84afed59f4,15000
0x5a936dd18b30cc686cb45ff3a33e631945dbcc82,15000
0xd2933d68108cb399000790c88385b205518e5ccb,15000
0x000007b9a4735a0cdaa1db076065febf8e41964a,15000
0xbc8a8dc120410777ed7cb4669d7254e69c86af77,15000
0x8de3329d9a230214d177041567b363e73ead9b06,15000
0xbce7cf9ed3a82d7dc8de41cd5e74f40f8a69b6ca,15000
0xe98211822c4935c0c26b0e140e791d1bb21261f4,15000
0xfe4489d080e39636f6b041083bcd178a4721870d,15000
0xfca4b7c99c2b41ec7a0cfbc7e918ae3984d45009,15000
0x7778d61923743100c6f36137cdea40082c1522ad,15000
0xfeb810b90a410eba4f8b1b67f5c04c75f886c380,15000
0x914f11e749a9f5d52fea5e57d539da804a22ab0c,15000
0x68432c32fc4a6fc31f3ffe3ff7e5816460884add,15000
0x626d713ef0f491aa7b05c33016517f8346019ae9,15000
0x970d5f43d3982623102e517724aaab276da6052f,15000
0x4729f29d8cca50aeb7427a8c98d0725c0f41f4f2,15000
0xc07a1bbefd3c752858d95a2627f15f953bc76c09,15000
0x18bc7ecc49e15c1374a92e042fd0fbc2d5168f4b,15000
0xa6dc4be08abdc8016969a2a23d1b366ce6d6b371,15000
0x24bbad5c6e045876d7e91c3568c3c53cd3a1e54d,15000
0x6aea316e8fbfbbd5ceddf207352b06d5a3cd08fd,15000
0x7baae3183f499872c070567135fdfa8710ccb071,15000
0x71e63709fd1197d72a32c52e36277487fe6f8386,15000
0x968f20a1faebcbdda83f265f28d74383f4e32de7,15000
0xf02af9ab1441be90cf098c03222d4bb547724abc,15000
0xa545fec39e18f179e67120de04f2b5951d9df319,15000
0xbeb8b0fa7efd048d64c4577f06a3b3eadec3d8d6,15000
0x19ae35419fb52a6e608a5291f6ab63fb78f49a18,15000
0x8128907de6b05d828fce1179795c64282013845d,15000
0xf6c885cef681698cfd27e8f3dad7817c0b8b439b,15000
0x59f76cadd3d6fd1f9c5198572bc376973d4eed2b,15000
0xe2ccfb7a63486f3f381ec31c95ca317635b12837,15000
0xaaefe1be04368c78497ef23f0206264f41906ef4,15000
0x34ba96962fc4c2c895e648d2c246c6a9997788f8,15000
0x10f30fb50d5556b3eff6518045739034ef0e4515,15000
0x1f98f5deb986f37cccffcc17977a2d2c41dd63f7,15000
0xdd52567685913afdc28dd3641e266135b64497f4,15000
0x802cb888988ae3c73c92dd752a73f1636108dede,15000
0x8f1f3489f1a48ffdf519a3cfde52450ceb853429,15000
0x5b5b12d7efd58d67503c6173f080b218b85ecb60,15000
0xe3306212216349d254fcdb86321be98f87797891,15000
0x25b526749da913936728bb509dc4b34c9d1de04e,15000
0x7dd7da40c9f76e04cb9e3906fc81f68c51b4e897,15000
0xca3b322b28bc891a5e312029cb70a2945799de4c,15000
0x858ae2178b98a18d870541ea6d252f862a38a536,15000
0x0c6f5fb4d40038f72b1d6c621779d4f36834e2d1,15000
0xd07c747cd11ef895af40635583af87d713cff7a3,15000
0x90f48d928b5a0cecd394d953f9e8216812dc8e61,15000
0xd6b11be36aff9a0c4840d8db242b4c9ad4a0da4b,15000
0x123ad36810587fd369db248c37cb3721c74c5adf,15000
0xcac14ebd7ca0cccb6892176181404b75e3b4f8d1,15000
0xc776b44e4d149d28f9f4358e800f6c22ea523f08,15000
0x8ac2f66c7f01902dffb4c5a5262fc55e6018c311,15000
0x2d11ec21ece3af652617b4560bc78e751589e898,15000
0x6c9449a3b7bd604e12e9407460643f1dfbd9fff7,15000
0xb381af1efaddf2e58e0eab10cb0b11ca6961748d,15000
0xeaa5d9d6e242af87232cd724eee1e4e5b15191bc,15000
0xe8cc44a58ab1d4aa312967e97b0af6b5b72e58fa,15000
0xcb57a3651519ea03c5b39bc2da22fe3615d76a86,15000
0x6aa907a45f987dacf2e913f89a219dfa2f298538,15000
0xbc649b6ce65a4e30c668980cae29741b04bef879,15000
0xfdaa640dbe84704849036908348daf3790f1054f,15000
0x8263b9543fb3f2d17ff53f3f5f33a1e628f80d48,15000
0x266dff3154ffb88c3d84c72497caf25ca4836cc1,15000
0xf11c8f0fefa229df3c41f0b90c00d64c50c0e30a,15000
0xf55454a5f3a61d706dd4bcce2656b557f8405f45,15000
0x251f0e17916552c562e57947f1daaa7b6c9effb9,15000
0xc34003a00c5bcd4b0ebc4e70407ca7867f6596ab,15000
0x6f4448522745e5cc2d77a67a837d980b4e8bef00,15000
0xc0ffd899878de5b9cf026e269a12fb2195b7ae89,15000
0x4ddd805b8d79ce6d6e08e9b3f2a1338a6372dbe1,15000
0xc71e942c70d225bd2d810515748dc0fb1610f37e,15000
0x0d5150702d9958cc7cebe5178de389c8aa4bd789,15000
0xc1b63029165accbe1c735cc73aab34db80565b50,15000
0x428e74e73c4f7005d842eb5f9fb7ff807e0eb280,15000
0x793deb15fef0c446d549ff0d59f03044e4178806,15000
0x52accb02c41b51574c970a6964b1346800458672,15000
0x0ed79a4b4ef45a3434da1be39fe8399b2fc6b297,15000
0xb918eb0b921dcb5bbd4704cb2b3862c1cb20af01,15000
0xea44ef92db9f2439bcf71cc98555ba9181ee6f97,15000
0xd775cc594cd593e33a123987704c682b0bd90fb6,15000
0xdc58fe77224180af0260f71b9fd686fcb2ba24f5,15000
0xb22b42c75237cd428ca9547a424e144b8ac86a77,15000
0x032902308647492d016a33617cf04fecd3d6f37b,15000
0x7a30b1c6d2bd093e0264d6e402121feeb605884f,15000
0x2629c5cfb1d5b3b0f5ce3d3e77978a479fdfc5ca,15000
0x20821c242ea181ab9e340ec30b2b21214b3a3c29,15000
0xc0249614b39a1f9594481737ec95e6c1c4aa7040,15000
0x981b68d6e2d0b35a6ec29ac51426956dcfdf0883,15000
0x87fb0860847878df108820ba8e671d3d70726f41,15000
0x0adce16b34f48f85ede74b6fb233e5e34a799484,15000
0x4553adf10645595685885cdfd3de0cc42b86c9e2,15000
0xa70249dff541e4b3b318c1c3ec3b7e0b0a495328,15000
0x36d19c759a4091883e7755337fb0ff360bcd45e5,15000
0x512d41c0df4a0fbfdf9e8ebb1fc0df4067f68f8d,15000
0x323a99c71c62038d37a7bbe6bd05555fe81e6949,15000
0x3ce300784a09d3e9da9930e6d31fed03628cae75,15000
0x8e16d4d5bbb3de8212861062a4ea83bfe703553c,15000
0xbea06222e795a01864d2665d56067e3a3fb6b4ce,15000
0xa3d2a15067b77474ccc87956c0e9b0d8b1936d39,15000
0x36853452a97da57e9372397a59a4648d05829481,15000
0xff7499d285046e2811c864ebb5143e921ec55a82,15000
0x31c22b6479047d4b5ae25cfc693777530536aed7,15000
0x4daf1ef2e0fc3c345806bfeb26cc6b9d76424e93,15000
0x5cc07d7bf85aa78ed2437dc8d91bd38e5011fd01,15000
0x085aec9f4fd44794a0489fee13bbb75f0ac6ed18,15000
0x8e9096d1cdd2c514b9b3d6a032f8a360c3fc40dd,15000
0xa48f896e9e3c07979d256af3f85dc100d3b792f2,15000
0x6ec76b9bdd96a48427ee0143b13a39293f1fb8e3,15000
0xdaedc4c8407013595c8948a851fcac5e4f780e8b,15000
0x112daff7576e205e2bc60ec6330d11471ca7f215,15000
0x330f589312f6c63d7a301921e725da983493489c,15000
0x9efadc19664eaa3027d8ddad2c43aa040a3f1a0c,15000
0x0bd05ac069485ef145128bc14a5cc19226299a56,15000
0xf9b4ff92bae928725fb11816fa30e49da5126aee,15000
0x4a9cdc7e6bdfd64f9c2805b93e48d1a78003f6d5,15000
0xd118c9e81e615339f1fa0687c425bc18aa6ce592,15000
0x1066302cef21f2eb51441bda2a37e05911159a50,15000
0x342c69b7bd8089dfdaf8d0a463e288d65e166409,15000
0x8174dbc5c3b9a2a4e0ec91d3d9e170481856361b,15000
0xaf1849f5bd59aee4c4c074c7c4641edac91dc9bc,15000
0x8ffa383c4063353c24dabcdfa6f3f409335a89a0,15000
0x6e90cb78a6e059a476704fd67dae0939194deb6e,15000
0x3b68e4cdf1fd7421b49f759444733861a8b47acb,15000
0xdb59f34c0a03c896d468c616d1525f1a03995269,15000
0x1a1d954e8612fdab8cc0f35b23cdeccfd50bbc37,15000
0xf07f2658a880775152abf0361b05da81c0cc29ee,15000
0xf8da198f0269a2c2aa7a09804eb2dfcc7c16534a,15000
0x0d20a275e9ce66e1feb0cc2529f9e5cebb5f34c9,15000
0x6e9f862ee9f1a125102c6acc99ce3be14a9abd28,15000
0xd325d317b8e9802e2aa9fa7c036394b15f4ec888,15000
0x44b4759da2ef5ec25e0292f509f87af6b43bbd61,15000
0x803d2635096890e183896dff6de226f9bd77c35a,15000
0xc2353d1923b8e6324943537a5c3d867da24e0475,15000
0xaf8e9d53b9f8586cb068113cd51a1cae51368b79,15000
0xb3de8175c8c1a2830c2fc50f74aeabf676b5253c,15000
0x15fd9897fbdfce4287db13a02f9b0218d96dfd58,15000
0xd42896a8f389503f6044d1a8c39a7dd3063eef66,15000
0x28ed651457a37246e30f091deee1e3d27219649f,15000
0xcb28bf6ebc8de7ef7653481b2e37cf52ef1275cf,15000
0x2310c5ea03da84f9d160b4a8e099a4b01d647af6,15000
0xc2b5a65026995027a03bb18cc911cea346b98438,15000
0x2e60fb35e024fbf6374b1a77348d55ef02f94a8c,15000
0x9f7926e7e8818503c49a914fe004c2990b738a81,15000
0x5d652760cef458649b245d9f11c0a7b62752b4a8,15000
0xfa7966504e7b7a00ca2acba97fe16ad63362207e,15000
0xdbc02398ce5fccd7e7f271eb370b166e05e91642,15000
0xcae09ef7823f892f4cddf1a9c5d85465e83908f6,15000
0xc3b4ddfb927df0f65d25ad38e919bc08472071e7,15000
0x87565911bc5e45b0b701823c0107f43aea74df38,15000
0x87cf0a25e5623f6305e738ec96779b15acc82ec2,15000
0xdc53c7a221fc25b4b7715920bc61acd169d90a45,15000
0xf9caff7dcfbb03a7b6c0d71a2fc285bbe1b56ada,15000
0xed27eba4e868cf8b14d3c3cc636569fe291255a9,15000
0xb1d229511b39294516d5fecb618d8f1df7fa58b1,15000
0xbed674ceb9d10389086c173e826da226053e1a14,15000
0x70ae5ce5fdcbbcdf19c5c1b32fa7823fc348a9fe,15000
0x71abb4a0d7643c2f19ec39a7706dc06004678c0f,15000
0xe2c1b97ef20e563e7209f68557f35cca8c31ac83,15000
0x8b75480193040e89216125998e02b06c2fce3a9a,15000
0x4ea7e4be0e1944bcdbb5cb37e7bad5fe79d364af,15000
0x79b713931d1b34cc92e669c59a4ded7538955125,15000
0x2382766623848f0c6bf9916b4e71401f61150b5e,15000
0xfdcfa597e0740c168ba008dc3be1a8fb57e461f9,15000
0x948db945da0def188a21f1603782c53a6dac6e5a,15000
0xe7a467e5fe20d9397a458776f331ee8a782d2aa8,15000
0xc8be5ac03c974bfcc78ccc2f7c9f4b10398e2d96,15000
0x89374ee8259670ddb22a15d902cbfaa375d85a57,15000
0x24a9a0746efcf79d893222b1f5f0c817a0a7b08a,15000
0x206a56a05dfc6da87177beae9fd7dd1e7608a4cf,15000
0x8fb159ce2f6f0964ddca075c9c99b735d4cf05d2,15000
0x0494df8e967205b2d985d196889fcbaab2bf6624,15000
0x116e5e6bdba5fa384715f47c56e8c62e7159a723,15000
0x4f2961919408eee1967fc09bdb251e62ab8589b7,15000
0xd925c58d3826c62da7467054baa2ce2871db05cf,15000
0x367955906f0ea72beaf8def27b928c9969df800e,15000
0x9b3bf3859d9488f95a90ed7a4674d45c863a2114,15000
0xecd2dca606b0c49292aee8a24de553b71bb9cf88,15000
0x6690f321e9fbb90fe50c1b6006c6bb82927292c8,15000
0x3f0ba71658f94c868b45a1936046bc072648480f,15000
0x5005dc6bae3f3b4755a04de52fe9520add1e40f1,15000
0xc296c9f482068d8dcfa017e06793aac0df119dbc,15000
0xb0d2fbbf9097dedd8e1f904f11266bd1a22860ea,15000
0xcaf17578c9abfc1bddc71f05c79bb18f1b27f84e,15000
0x2d2fbb68dc12f013ace086e1c69f684cf6a07d2d,15000
0xdf32a01f21321153bd40bd6ab47ab1abfe16e069,15000
0xa3cc40dbee4ddb05ffe8490b50c451fd7768edc6,15000
0x68cadb215a120ac685924ca5288486aff57b1ce1,15000
0x80fac6330f5aa59015877f8002aff597d5a224b2,15000
0xe05b6485551c4dd997b89edef53d0ccc13046374,15000
0xc039ac7c9f94d3b537a4ef062e9b800f1d327682,15000
0x19c5b8d55f17e9b25930cb0675c727c468027e7c,15000
0xb18e3b506d00db1c9ffe5b71491bafc958df94c3,15000
0xf35f4fa08342e72f116969c0eb8208572bed3171,15000
0x3bc755876a3b047b8cc99a2b4cba2208ca63ceb0,15000
0x80fa91b56f195cd39f4da3eac0c722e167f315c6,15000
0xfa5ba262d8fbe3c61f7d4e336e8a271f4b51ed3f,15000
0xa78036247958adde0642510d2c8155b8f548c20c,15000
0x38714e66adf670c4fa409a4bfe180f1677c70158,15000
0x5c7d8a37318a0cf7a5cb5a46d6dca263ff0e0104,15000
0xb82c590caa6e0031a47a07e7fc9715e64529c1f9,15000
0x7c7cb6012b7fdbc8e982d9f1860c1c3dd05c74f4,15000
0xd2b72c6b6106dd8180ef4774d6483afce8f95fe7,15000
0x710c8d1dc27c41236b2dfd4b2ef1ce883f7df822,15000
0x4321e30d12eb2329ad3e90f8381ae2a1f0f8251b,15000
0x17df33067d52d2e662fd03f337aa7d6861309a00,15000
0x5a159db925f196310511b8ccdd2d83f17d237620,15000
0x20d729513d9e67465f6a23ff368aa1fd2c7707a9,15000
0x9ace3b9d273a235c7e766d01ee19a935997e28e0,15000
0x48f1d49585f824c042dd6e8b42bc5f5e992c2671,15000
0x3364b9b6b8768f851d725f52fc1da7aa8171d796,15000
0x3e0d565e0313024f28766b031546d9bdc13165c9,15000
0x284a7183e8e5c117a4121631fb37da0f032a03e3,15000
0xe3ddc339771c44386d7cb5bf0aac51075f17176a,15000
0x46054e40fdb446710df4d8bfef58dc3094a08e8e,15000
0x6fb1a62be0d24deeb4b92c35fd8afaf744eec863,15000
0xdadd8079cc6bf330a1e34be0b06052ad9dfb4baa,15000
0xcc64cc6a47421dc4030dbe9fd4e0a15b38079f47,15000
0x05974a5e889089637b6acd41f32a498538763cff,15000
0x35be5b95adbf9e4bb80f895d907c8fdf5f59cdae,15000
0x7c24e768ca6845ae4267b6fbea069fe8630470e8,15000
0x492c42f715f3cfbddc95aa19bea5ef62c4ea7a6f,15000
0x98a45c11db4d6594d878c18c1d7462f067aca3b8,15000
0xaa55f8238871914d6af1ae776a2b7aafb5b3fb41,15000
0xc5c2ed5473dfc73fdb0490685fc6874618cc6715,15000
0xa67af8e46bc9be9e213ec54f83e8b5bcbb656c83,15000
0x4ad09037cfd0eb0eb5da7851b0fda1ffb96256b9,15000
0x8443175792cfc93cb12a85a31c7ae1a9ca75687a,15000
0xd277566062ca7e9f612d3132012844c2051166f5,15000
0xcddd9ee7989b863fd0f1f668e3c6e851ecb22d84,15000
0xc8bb6b2df39e8d1584533a4b0a2f3c49d126dc28,15000
0x76b6d4a86902a52d756b872d0af8de94235c08c5,15000
0x74d9613f1556d38cd8cef25a73954635f6958f73,15000
0x75e3206703a5d84f25687a58ced64948a60c68cf,15000
0xe5e216f5db859d7fd1cb6a469a87840d2aca73a1,15000
0x2f2fe570926b2027e072855a7af092e57a3a6194,15000
0x23eef831905b6a22005855f42bbf283aef0c4920,15000
0x11f81581ff01293e87b261163918dfe9e87d3536,15000
0x3d3b6a0858aebc2d26470613a720e336967288de,15000
0x81aa3bc20cb9577121a57bb1452039fccdb6e1ef,15000
0x5fc0ff73ca3c5c4847c38a4b11b64b20246ec485,15000
0xbfbb3b67868639dcc28f6d83646a1b51827f3779,15000
0xc306c6e488f98e64b9175bdcd83ab761aaa74f9c,15000
0x1d98dd99517f6dac13faa7ee22944940836f24ad,15000
0x2018d6e9cbf2961d20874904df6f25c76acf110f,15000
0xb22653380cc7abf880d0d4192bc90131a0774e47,15000
0xe074ad4bfe4d3397fdbc18d823942b826f820087,15000
0xc18f1db3320ca333fcd1d757f3cc0c8b94623be1,15000
0x97cd3cbf01a8053cb9cce406e4f430ef9002cd7a,15000
0x769ffc74f1e4c727a3c57a9b8e1ab4aeb0e9a799,15000
0xfe0eeb095199e62d2a33f5999dbfa5f4e4151ac4,15000
0x8e7b7af4830540f24ff7bebfb1d234ae1ccd87a4,15000
0xba4ae543d55a1cbcdf436d3876f9d09af42dd643,15000
0x4143270120baa01bbdd8c8ee93ee8248bae4b6be,15000
0x8c9f9f615c0f299fe345ff2dd09f5d198d7d49d2,15000
0x07287ac8e83c465b27cf03f9e9a11fbdc9c3db34,15000
0xca07d5347ef567979c21418e87418047294496f2,15000
0x4724baa60c178bcec706b534482791739a55f83f,15000
0x3f93601e44569900d1170cb02164f9b8689b4f91,15000
0x0eb377bf4b7fd39a2258e3ae56671957cd092ac0,15000
0xc3ea1436ff8597d2ab253b7edf8def849f306bea,15000
0x98a352336cef67caca386c2544efa6e4272635b8,15000
0x2e666e4aae7ffd267af59f0f3ab8d74856410d45,15000
0x9e50407f618ad70b20d559f608dcdab20cee71e0,15000
0x20e43e8741886e2438c60672fd9d674bbcd770e1,15000
0xd24d108d1d98fab59dab310bc240e4bb23a8ea47,15000
0x43bb99217936080bfa655c3975d96b7cc8f11565,15000
0x8b3851671b63c2f4b30ffb48e02065809ee87974,15000
0xd04ba70c54b01dc2660182d1779da96f66d4eb89,15000
0x653080d2e2da375f7216ee600a07dd3a1d9987ed,15000
0x33f435b2f885c95e1c254eada52eb2aed1280543,15000
0x0747236f49c506546e790b77cd7a2368c63925e4,15000
0xdec4e28d30d9f2da56debc762019f9b24f1bfe46,15000
0x1417f7f98b7b7517644a01dac3bf5dda94680c26,15000
0x6f3e80f164998f515201c4ed0c0ad339d5cf95f2,15000
0xc63a8ea1528e62c91d0d96c6b5853a8b0838fdb0,15000
0x511611659990eb3f9be11c5779754b9344c071f8,15000
0xeeebb629c25e1daa59856972ad5a39d4ab2de8c8,15000
0x690ad90d967a04fcdb4dece07234d285ed981f34,15000
0x7e1b8759a07fc688c41393071b216c1e5fe3d540,15000
0xfaa0a7de2d426bfa85f790dd43f2efde56ecb747,15000
0x9be7a8badf16468d20aad9452b97c7bfa5c0c8e5,15000
0x7107d9e0259fe16a09327b485f3f40ff839a264d,15000
0x80db6a587eef0a32fa8499463192a5a67cbb34d1,15000
0x15836baaa871e95dba738cd3cf7d4e2112fec754,15000
0x42cace8442b18124d81eb87c26590e865c708c50,15000
0x43c4ecd5b9cc97c0534757106bc575efccdbca87,15000
0x8ee254d69e063b7ff42242623b25a6b2bbee2c8e,15000
0xff5eaed7cc639e5ddd6afc2acf39844ea7955dbe,15000
0xa3644a89dda61fd62cce302d8e24696d04dbd011,15000
0xefa3d4be5ef1adbeb1632a2a82b5fdbc133a153a,15000
0x981530e290dc561ad74ffe7bdf2c2e9ad289eddd,15000
0x63e5116a7648a87b3d8ea00cd85a5d9adce41047,15000
0xf7b0cd9c74c4025264d273ccddb2d20e2ce40dde,15000
0x94a9285957caa6908afcd3118c68db931fdedbfa,15000
0x2bd1e3b8f91ca8f7d41ca912223ce99ec744250b,15000
0x56e4fb5ffb74ac62918caf6002088b0a3d202ab8,15000
0x005f717413070a4ee8134d3433524ded8ad658b1,15000
0x31d36d203b5d057df7e6674494e6cfa57a66a062,15000
0xd71a8407b896d4dccafbc114acf9562adfa11921,15000
0x35ef9e3e5c3debb910566293f7a747287a7d642f,15000
0xd5e8200870c298403814aac6079c200c24b7bfa1,15000
0x03c80e9c6b8ddfa5c06851388c0934b9a47d142c,15000
0xa47a1195ceb0f6de416a7a5dadecce0b37de731e,15000
0xc230881c4e07b75d608a8625278ef685a5ac880e,15000
0xdc47d07d217f29295836864a90b096405dee4a70,15000
0xff704db2b16b50e31272ba8e731d2d65bd2754b2,15000
0x29b7fee992ae2fec09dc6c5376c05855507f427a,15000
0x809d3b0ff776dab648865494360bc4e1290cf46b,15000
0x0f3ef2de97c8c15a7a3f7d7a07bdeed52514717e,15000
0xf3594b0b41122e96cbfafd9ff3006954f9e2e131,15000
0x8ae9796ade4cf200f7339658dacc63a67e092ad4,15000
0x9799ece68d9e41052d9346f0deda3f3afb33071b,15000
0x439a86edc104e094c14404ffaa9148dc94dc3dd0,15000
0x8a3aa3a3f0f3bf0ea18ee083c5abdc62765d2a9c,15000
0x58ebc6f90a78ce0bfa56f3dbaab1da4ad11c20ba,15000
0x0f9f80111d3b2f1a947c610bd2bbde0bb309aac1,15000
0x4462bf56d963b43d6069856adc4e874fa17aa07d,15000
0x52745c887fcb6b173dabe8b8aa35f3ad2c81b190,15000
0x3dbec7eefd430ba0c27398eb8441ce5450cc3987,15000
0xd8fc6d7169c7638b2e68bceaf7eda2a87aed95ec,15000
0x355a53c0e7f7b954dee2f5b5c4b78957244b2e2e,15000
0x1094d62992829178c7665e2a36eaf75974062221,15000
0xd9a76c0d3189a38a5cd10f8fa1030b55f9d6799b,15000
0x3d85d3e30d580aa076b93a035c19458140f26d04,15000
0x400fd0b9786f1d230749f10719dd8c95aab1d0da,15000
0xa1971f162d7749626c9f3cbfcb7343d8134c0f4f,15000
0x5cd7745255cdb8b9ea65f2d08ddea0444995d9a1,15000
0x25b49481c263976d549deefeb037f2fbe2bf14cd,15000
0x737f8880d2f6ef725211173405c13b28cb20051c,15000
0x7d5da12c4100f9d1858ebdc550c81ce1d6858848,15000
0x83bf4ed92d67383883ddb808c1a8432df1cc1156,15000
0x3b786f002789f3b0015ca6be94e85c86bf0e27ef,15000
0x0a01c341e69472ba84fe2cf696c532caf9b4890f,15000
0x1ca19d90198fc3f652327bfc3cd7a4716459caac,15000
0xc1929369ab4f765ba7244b0b416273daadba4470,15000
0x23823b7f05f46507ccb8c8f621c0ecc94086d27c,15000
0x4e4c78c55bfd9dc41d94da995b2b492a20c27ff4,15000
0x3e804892d9cde4cbcb326a15b472dd19bfc5b5bf,15000
0xb73f87541b72b1221038ef7da4ea5445344dd8af,15000
0x69cf3b27299f4e24637ffc2a4e57df2dec2b43a8,15000
0x0e6e50f4f393e24914ce7cdab18c795d61520f18,15000
0x1594fb286266304154ee6d47f525884ea62eff4f,15000
0xf0a23d505aed265d607404eba1657c52913f8867,15000
0xb57768600fc274f96da8b5ef9b1605fa3c1a0b94,15000
0x99acde0088690cf87e78d991c808cd10c5423815,15000
0x3f3c762f085804c779ed71e4d413982004c2e266,15000
0x8a4e63b84cbe4e872d31952e760c02ec172476b6,15000
0xddb1b7d131fadc650ac597f37131a6f43c9e1aa1,15000
0x1727d5cc630818d4f65cbf7ad3b2e80511d3f7f9,15000
0x829fed7d22d2b674951dc923b903237307aa2fac,15000
0xd33137fae5a3f4d7bc6ec811832379f41fc029fb,15000
0xfb9e34228f3cf4639c724a20368b574ae0be8276,15000
0xf9c03a8c9ddff55b56618dc6c080c61a47cf8ba1,15000
0xeb2cc956fca434349d8200aa1c79051d8060a704,15000
0x50d8c323f8ee610006236a62c4eb1bff64b31985,15000
0xb78fe2d6efcc4d24e8133bd652700778ce2994e3,15000
0x4db54c0c1e299eea14f2a4660e983772fed8184b,15000
0x87bc08f98c59100d1750199e0d2d1e175d588b8c,15000
0xa411c8faa35f141d940a913928d97ca3850b749a,15000
0x27544ec0c7fd5e26dfea8614109bc1baed972a8a,15000
0xe697247ae710433aefc18c9b81eaf8ecf7f17686,15000
0x820f5aaa00b3cce7780c8d4bdc2a33a7eacf85f5,15000
0x77a74989f58059e6e3158c12cf531106badd93c2,15000
0x550ac624f9e5dc7180f65cfa2f39423519cf700b,15000
0xc8092b4f9bb53239dd209b51cdc2efedc4806e26,15000
0xad6763331f80d23396028870e9d9b4a8432236c4,15000
0xbdd643714247073da60d7787b3c3940c852d16e4,15000
0xc1a3912cb14a26644afa38c0729c439cacc24d81,15000
0xcfaaf40e015a7698980c476f56e75fbeffb28cc7,15000
0x899322901ffd4607ff2dabbb063b4efe3294da38,15000
0xe2ecfc50dc19f81b36bd406b7bc9df9e247bd390,15000
0x261bae47bf4b55bb9595b9aab7b7332b4ab87b46,15000
0x055ec223e5952ee2ff945d84615cfcd0840f80df,15000
0xbd5bcb6fb17aed1400bab7e7929aca2ba5b1c381,15000
0xefcfe88e08652a3a16c26449e2e25c1ba8ecc1cd,15000
0x09bd9be42cf3e88878fbe319074739b093cdc84d,15000
0xd24b5cba4286a86add1a1f419a80572ff8b028e7,15000
0xf78cd9501ea69856baf8d98c27c3b8cafbeab03f,15000
0x3e84105185c76dd92dd8fdff173d984e8b44f6bc,15000
0xd76b521fde9234f48f536d122b8b59b21b21a7d2,15000
0xb9d3d0d523be3fea572b7354f7fb97a8f8a64381,15000
0x2382fd716d12a2a740e04081a848093751e290ba,15000
0x4a69efb7f68156929da3233157c2f3584edd6c4b,15000
0x3a861232e94e73665a536485dd87b1826d47b315,15000
0xca6565f72a6788b0aa55f41e1efcd9c55fbb4b9a,15000
0x036480314b47de564806857fca47893038f47cef,15000
0x175be56dff00c809a70feaba19c6ab083efa7497,15000
0xd5881df23405fb3669af4e484b4923e89bab0ffb,15000
0x33473195c164a7662bcd325f5767c8cce941732b,15000
0xf93d2d5c30f47566a45fc46eb0b7080ec41bd562,15000
0x11e006eaa83659d97756d26f4a0b5e83c5a7cf77,15000
0x26fd0e5e3aeebaf4b6b5b4ba45464cab889cd20f,15000
0x3dd34bbc2785667f00a8853310ab4976d3fdda4b,15000
0x332780759ced8ec17dd3f9b8354fa6098eb40e3b,15000
0x567154e2f77c62280662c090e34979048f6abf31,15000
0x843994f64023ecc34201347732d8f5effb7df1cc,15000
0xc7ac6bf0d07bd2f0c2c0f55e3ca5ffa8ffda40d8,15000
0x6fd63e496a2255e2195623e36861590a99784c4c,15000
0x066ff2b479b7509196fa4b40e254644cf5096bab,15000
0xf784f11bab76dd71e377fb07925ca94c8782a546,15000
0x0162b4cbcb3aa8a79e2248573e9dc6c99ac0a277,15000
0x9cbd0382d61d367c22a057630574415be50d5acb,15000
0x00c97cd6fdf5aedd1f397fb7d0b9510d91660b00,15000
0xc50ed1260af411e3fc0edef53be040f0c39dd033,15000
0x88c66e48f20e598ab2133766c627bbaacf7c62c9,15000
0x8b4434df89896d28e8bb1f4b8fa1591bf494ec96,15000
0x68f9f46272e1b690f03446a0a01782c13d39decd,15000
0xe2f9579516d89057ea1927a3eb049f0e75ba18b7,15000
0x83282da106e68f7500e85f8d0d6ad63d1cf99210,15000
0x4c86916a1c55ee1daee49bfd4f3fb2b05291d817,15000
0x0dd009850e9c9c234dcc1681d1e6a2bbcd487112,15000
0xdd04fb8d39391b4114d35bcb15b0c8bb2bd06601,15000
0x1a9d7274096787f8bb025aea535b1bc89d24280e,15000
0x833485c6430a6ab73a1e28f3b84d6d70304fe804,15000
0xdac570cea38dec21de4305fef8d146aadd42b90b,15000
0x5a585b62eef7ddf2b7a4ce15488c8177a1ccea09,15000
0x3f4e2d1d1d3ea3492dcb12e8aa848bf3745f975d,15000
0x9ed0367689ba810e842dae4504624eac6e32e7d4,15000
0x481da1e7c87c4c9d62ccd433a2f3719b3cef0670,15000
0x7a22a5ed63afc7a72b897bfde1763f5549690a0f,15000
0x2862e19d11f73378fa302cc9dbbb2d782ca9d2b2,15000
0x4ddfcc73ff5518a918eaabbdbbdfe9e3b08b7e9a,15000
0xf31c63f9a33d832528ac9e40a9b51946ed3acf7c,15000
0xf26eef92a0aca12d5f239b1de6ee19150443b3ff,15000
0x00fcd69431a0f746ee3ecf1fd026ede9d6da6bc3,15000
0x16d47e4e52f1301653487344d7f991553c9eaf58,15000
0x19937c51ca1a1b5239ef2c1bbf6012df134938b0,15000
0x8896a7d8d7910edd2108ebef1d3cef8d1bee5fbd,15000
0xa3e15427bfe6a8a09c07891f5b0ce6f57da0c479,15000
0x6ad10e82bcba1eea0bd82a4bebf2b2152c3f8cde,15000
0x51ec7a9546789936bc10a617e4c1fffb9ce847d5,15000
0x61a8121b05de381b70f7e23154d4b76163d7e215,15000
0x655f4d44d81142ca5825642d03ee5a307be52a4e,15000
0x495057073f7fee1389256c25ac6c029298840d0d,15000
0xfa26ad4dc57ff09c89282e0989b98c9bd9f159d1,15000
0x54d20a1d776c5fff83e7d246a678c7d3411833d6,15000
0x6e55226b7884ce3f5bde802ffb5fb5c082ba5a11,15000
0x76a7c72bb5c38fbbc1de1192a8baa1b472650edc,15000
0x6c296dd838210bc7b2aaa17cc7c4624616dd8c10,15000
0xd587000fcb4fa94ba9f7100e141b008a3b11056e,15000
0x3b38596305a6ca4f2064e96369ad475afa9c35aa,15000
0x9e5a1cb993b5057933f64c61428cd8f4bda0696e,15000
